IMPLEMENTATION,FUNCTION,GRIDSIZE,PROCESSORS,TIME,FLOPS,FLOPS_RATE,LINES,LINES_RATE,TIMESTAMP
"it3","Circle Function",512,1,0.017707,143654912,8113002781.425162,252,14231.860731,"2025-07-13 13:11:05"
"it3","Checkerboard Pattern",512,1,0.020929,20909654016,999075637440.871582,39858,1904438.816953,"2025-07-13 13:11:05"
"it3","Tangent Function",512,1,0.023782,68317872128,2872631093651.279297,130280,5478015.740591,"2025-07-13 13:11:05"
"it3","Noisy Function",512,1,0.026066,9450815488,362569633757.238464,17996,690395.779854,"2025-07-13 13:11:05"
"it3","Wave Function",512,1,0.018508,11347689472,613116595188.469849,21618,1168022.317450,"2025-07-13 13:11:05"
"it3","Spiral Function",512,1,0.026798,4881121280,182148103812.958069,9276,346151.163646,"2025-07-13 13:11:05"
"it3","Mandelbrot-like",512,1,0.009558,1080033280,112992914307.140427,2028,212169.045582,"2025-07-13 13:11:05"
"it3","cave_noise",512,1,0.072317,15892217856,219756564117.544342,30284,418765.199926,"2025-07-13 13:11:06"
"it3","Circle Function",1024,1,0.034800,1094713344,31457054015.416557,500,14367.712876,"2025-07-13 13:11:06"
"it3","Checkerboard Pattern",1024,1,0.071140,167390478336,2352964437656.600586,79794,1121643.514044,"2025-07-13 13:11:06"
"it3","Tangent Function",1024,1,0.076603,546488451072,7133991928562.807617,260560,3401413.027595,"2025-07-13 13:11:06"
"it3","Noisy Function",1024,1,0.095962,75392614400,785651743465.829468,35920,374315.320537,"2025-07-13 13:11:06"
"it3","Wave Function",1024,1,0.069971,90995425280,1300481926808.570557,43364,619746.521329,"2025-07-13 13:11:06"
"it3","Spiral Function",1024,1,0.103156,38952501248,377608170625.279480,18540,179728.008705,"2025-07-13 13:11:06"
"it3","Mandelbrot-like",1024,1,0.037585,8560574464,227766225791.218994,4050,107755.994453,"2025-07-13 13:11:06"
"it3","cave_noise",1024,1,0.268060,127194365952,474499243662.453613,60623,226154.416772,"2025-07-13 13:11:07"
"it3","Circle Function",2048,1,0.138612,8606711808,62092055857.306854,1004,7243.233592,"2025-07-13 13:11:07"
"it3","Checkerboard Pattern",2048,1,0.267046,1339576811520,5016275040575.855469,159666,597896.711664,"2025-07-13 13:11:07"
"it3","Tangent Function",2048,1,0.271930,4372226375680,16078487225957.625000,521184,1916609.426489,"2025-07-13 13:11:07"
"it3","Noisy Function",2048,1,0.406540,602419494912,1481820815067.020508,71784,176573.013136,"2025-07-13 13:11:08"
"it3","Wave Function",2048,1,0.268213,727258759168,2711493262287.908203,86670,323138.247673,"2025-07-13 13:11:08"
"it3","Spiral Function",2048,1,0.405726,311536123904,767849344950.354492,37104,91450.974410,"2025-07-13 13:11:09"
"it3","Mandelbrot-like",2048,1,0.151753,68232937472,449632296429.554016,8102,53389.477291,"2025-07-13 13:11:09"
"it3","cave_noise",2048,1,1.026995,1017353601024,990612229924.531128,121250,118062.916136,"2025-07-13 13:11:10"
"it3","Circle Function",4096,1,0.558529,67981279232,121714950997.028992,2004,3587.998998,"2025-07-13 13:11:10"
"it3","Checkerboard Pattern",4096,1,1.046853,10718426431488,10238712466329.011719,319410,305114.483901,"2025-07-13 13:11:12"
"it3","Tangent Function",4096,1,1.032775,34976670154752,33866678456857.875000,1042360,1009280.494687,"2025-07-13 13:11:13"
"it3","Noisy Function",4096,1,1.501016,4815664971776,3208270780487.146484,143488,95593.933641,"2025-07-13 13:11:14"
"it3","Wave Function",4096,1,1.059289,5816325242880,5490782684059.745117,173314,163613.530944,"2025-07-13 13:11:15"
"it3","Spiral Function",4096,1,1.593768,2491013922816,1562971067696.198975,74204,46558.834555,"2025-07-13 13:11:17"
"it3","Mandelbrot-like",4096,1,0.599885,544923975680,908381173089.711060,16208,27018.524988,"2025-07-13 13:11:18"
"it3","cave_noise",4096,1,3.987264,8136882651136,2040718352874.638428,242470,60811.123896,"2025-07-13 13:11:22"
"it3","Circle Function",8192,1,2.232507,541434314752,242522999650.199554,4012,1797.082763,"2025-07-13 13:11:24"
"it3","Checkerboard Pattern",8192,1,4.137005,85754659209216,20728681964294.605469,638898,154434.914345,"2025-07-13 13:11:28"
"it3","Tangent Function",8192,1,3.984492,279821682737152,70227694174436.156250,2084808,523230.570284,"2025-07-13 13:11:32"
"it3","Noisy Function",8192,1,5.906277,38533641273344,6524185031269.131836,287068,48603.887062,"2025-07-13 13:11:38"
"it3","Wave Function",8192,1,4.198633,46539460313088,11084430942637.820312,346720,82579.253618,"2025-07-13 13:11:43"
"it3","Spiral Function",8192,1,6.356889,19925695463424,3134504168880.560547,148424,23348.527414,"2025-07-13 13:11:49"
"it3","Mandelbrot-like",8192,1,2.417830,4354828402688,1801130870737.040039,32414,13406.235710,"2025-07-13 13:11:51"
"it3","cave_noise",8192,1,15.679964,65088484540416,4151060950602.779297,484919,30926.028457,"2025-07-13 13:12:07"
"it3","Circle Function",16384,1,8.911651,4321810841600,484961832450.472290,8028,900.843127,"2025-07-13 13:12:16"
"it3","Checkerboard Pattern",16384,1,16.441454,686066264702976,41727833244408.164062,1277874,77722.686456,"2025-07-13 13:12:33"
"it3","Tangent Function",16384,1,15.649299,2238563798220800,143045627680882.062500,4169624,266441.583102,"2025-07-13 13:12:49"
"it3","Noisy Function",16384,1,23.662203,308302416183296,13029320219586.380859,574228,24267.732260,"2025-07-13 13:13:13"
"it3","Wave Function",16384,1,16.718448,372339304824832,22271163843954.828125,693510,41481.720133,"2025-07-13 13:13:29"
"it3","Spiral Function",16384,1,25.546199,159395900030976,6239515218500.320312,296864,11620.671833,"2025-07-13 13:13:55"
"it3","Mandelbrot-like",16384,1,9.648888,34821447352320,3608855968602.402832,64828,6718.701620,"2025-07-13 13:14:05"
"it3","cave_noise",16384,1,62.521878,520670295359488,8327809592659.516602,969796,15511.306298,"2025-07-13 13:15:07"
"it3","Circle Function",512,2,0.008999,143654912,15963874093.624115,252,28003.889429,"2025-07-13 13:15:07"
"it3","Checkerboard Pattern",512,2,0.019903,20909654016,1050564808058.985352,39858,2002587.517114,"2025-07-13 13:15:08"
"it3","Tangent Function",512,2,0.023758,68317872128,2875588499729.037109,130280,5483655.419519,"2025-07-13 13:15:08"
"it3","Noisy Function",512,2,0.025607,9450815488,369066762555.866333,17996,702767.445559,"2025-07-13 13:15:08"
"it3","Wave Function",512,2,0.018700,11347689472,606813451948.609985,21618,1156014.467667,"2025-07-13 13:15:08"
"it3","Spiral Function",512,2,0.027364,4881121280,178378559086.420410,9276,338987.584854,"2025-07-13 13:15:08"
"it3","Mandelbrot-like",512,2,0.009561,1080033280,112959918872.175980,2028,212107.089397,"2025-07-13 13:15:08"
"it3","cave_noise",512,2,0.072202,15892217856,220106452336.630219,30284,419431.942285,"2025-07-13 13:15:08"
"it3","Circle Function",1024,2,0.035020,1094713344,31260071169.979069,500,14277.742818,"2025-07-13 13:15:08"
"it3","Checkerboard Pattern",1024,2,0.071437,167390478336,2343176522409.817871,79794,1116977.675719,"2025-07-13 13:15:08"
"it3","Tangent Function",1024,2,0.077583,546488451072,7043927700165.330078,260560,3358471.341809,"2025-07-13 13:15:08"
"it3","Noisy Function",1024,2,0.097065,75392614400,776726291847.086060,35920,370062.885140,"2025-07-13 13:15:08"
"it3","Wave Function",1024,2,0.100044,90995425280,909551012454.138550,43364,433447.835237,"2025-07-13 13:15:08"
"it3","Spiral Function",1024,2,0.105172,38952501248,370368621456.705566,18540,176282.241751,"2025-07-13 13:15:09"
"it3","Mandelbrot-like",1024,2,0.037956,8560574464,225538190327.126465,4050,106701.912899,"2025-07-13 13:15:09"
"it3","cave_noise",1024,2,0.269176,127194365952,472532929302.755066,60623,225217.237876,"2025-07-13 13:15:09"
"it3","Circle Function",2048,2,0.138772,8606711808,62020726627.226830,1004,7234.912813,"2025-07-13 13:15:09"
"it3","Checkerboard Pattern",2048,2,0.269339,1339576811520,4973574722216.161133,159666,592807.202072,"2025-07-13 13:15:09"
"it3","Tangent Function",2048,2,0.280483,4372226375680,15588206880219.794922,521184,1858166.370308,"2025-07-13 13:15:10"
"it3","Noisy Function",2048,2,0.377331,602419494912,1596527088509.466797,71784,190241.354222,"2025-07-13 13:15:10"
"it3","Wave Function",2048,2,0.268465,727258759168,2708952690336.070801,86670,322835.478723,"2025-07-13 13:15:11"
"it3","Spiral Function",2048,2,0.402836,311536123904,773357687106.966064,37104,92107.018804,"2025-07-13 13:15:11"
"it3","Mandelbrot-like",2048,2,0.151041,68232937472,451750600707.094604,8102,53641.005393,"2025-07-13 13:15:11"
"it3","cave_noise",2048,2,1.023033,1017353601024,994448671615.992554,121250,118520.150036,"2025-07-13 13:15:12"
"it3","Circle Function",4096,2,0.557238,67981279232,121996865536.341446,2004,3596.309474,"2025-07-13 13:15:13"
"it3","Checkerboard Pattern",4096,2,1.045923,10718426431488,10247811892606.283203,319410,305385.647561,"2025-07-13 13:15:14"
"it3","Tangent Function",4096,2,1.026894,34976670154752,34060644609179.789062,1042360,1015060.992305,"2025-07-13 13:15:15"
"it3","Noisy Function",4096,2,1.488187,4815664971776,3235926233606.988281,143488,96417.958087,"2025-07-13 13:15:17"
"it3","Wave Function",4096,2,1.052670,5816325242880,5525306210009.787109,173314,164642.257868,"2025-07-13 13:15:18"
"it3","Spiral Function",4096,2,1.602116,2491013922816,1554827563777.807373,74204,46316.250377,"2025-07-13 13:15:19"
"it3","Mandelbrot-like",4096,2,0.636289,544923975680,856409829202.209229,16208,25472.710197,"2025-07-13 13:15:20"
"it3","cave_noise",4096,2,3.991513,8136882651136,2038546117718.233154,242470,60746.393718,"2025-07-13 13:15:24"
"it3","Circle Function",8192,2,2.260655,541434314752,239503239105.648804,4012,1774.706496,"2025-07-13 13:15:26"
"it3","Checkerboard Pattern",8192,2,4.251155,85754659209216,20172086786015.589844,638898,150288.112882,"2025-07-13 13:15:31"
"it3","Tangent Function",8192,2,4.006414,279821682737152,69843428928608.132812,2084808,520367.606804,"2025-07-13 13:15:35"
"it3","Noisy Function",8192,2,5.958278,38533641273344,6467244654406.571289,287068,48179.692526,"2025-07-13 13:15:41"
"it3","Wave Function",8192,2,4.185954,46539460313088,11118005228051.031250,346720,82829.382780,"2025-07-13 13:15:45"
"it3","Spiral Function",8192,2,6.405126,19925695463424,3110898483600.270508,148424,23172.691632,"2025-07-13 13:15:52"
"it3","Mandelbrot-like",8192,2,2.405377,4354828402688,1810455659419.708252,32414,13475.642280,"2025-07-13 13:15:54"
"it3","cave_noise",8192,2,15.738868,65088484540416,4135525068203.801758,484919,30810.283796,"2025-07-13 13:16:10"
"it3","Circle Function",16384,2,8.925183,4321810841600,484226555334.970520,8028,899.477309,"2025-07-13 13:16:19"
"it3","Checkerboard Pattern",16384,2,16.497005,686066264702976,41587322241601.335938,1277874,77460.969233,"2025-07-13 13:16:36"
"it3","Tangent Function",16384,2,15.671120,2238563798220800,142846449132641.062500,4169624,266070.586459,"2025-07-13 13:16:52"
"it3","Noisy Function",16384,2,23.885610,308302416183296,12907454071328.244141,574228,24040.750729,"2025-07-13 13:17:16"
"it3","Wave Function",16384,2,16.855840,372339304824832,22089631637534.535156,693510,41143.602726,"2025-07-13 13:17:33"
"it3","Spiral Function",16384,2,25.640242,159395900030976,6216630033242.997070,296864,11578.049735,"2025-07-13 13:17:58"
"it3","Mandelbrot-like",16384,2,9.686629,34821447352320,3594795052465.811523,64828,6692.524044,"2025-07-13 13:18:08"
"it3","cave_noise",16384,2,62.529097,520670295359488,8326848083820.317383,969796,15509.515400,"2025-07-13 13:19:11"
"it3","Circle Function",512,4,0.008640,143654912,16626485380.709190,252,29166.244701,"2025-07-13 13:19:11"
"it3","Checkerboard Pattern",512,4,0.019943,20909654016,1048472998214.557861,39858,1998600.107436,"2025-07-13 13:19:11"
"it3","Tangent Function",512,4,0.024367,68317872128,2803714237956.324219,130280,5346593.498061,"2025-07-13 13:19:11"
"it3","Noisy Function",512,4,0.025496,9450815488,370672312845.852539,17996,705824.693165,"2025-07-13 13:19:11"
"it3","Wave Function",512,4,0.019192,11347689472,591273119747.702637,21618,1126409.242537,"2025-07-13 13:19:11"
"it3","Spiral Function",512,4,0.027158,4881121280,179731896456.526978,9276,341559.444213,"2025-07-13 13:19:11"
"it3","Mandelbrot-like",512,4,0.009569,1080033280,112870884911.822327,2028,211939.908556,"2025-07-13 13:19:11"
"it3","cave_noise",512,4,0.073444,15892217856,216386621112.451904,30284,412343.481139,"2025-07-13 13:19:11"
"it3","Circle Function",1024,4,0.034756,1094713344,31497557048.524693,500,14386.212254,"2025-07-13 13:19:11"
"it3","Checkerboard Pattern",1024,4,0.071405,167390478336,2344240296001.680664,79794,1117484.769974,"2025-07-13 13:19:11"
"it3","Tangent Function",1024,4,0.077784,546488451072,7025695446983.162109,260560,3349778.393441,"2025-07-13 13:19:11"
"it3","Noisy Function",1024,4,0.097689,75392614400,771759246653.154175,35920,367696.389897,"2025-07-13 13:19:12"
"it3","Wave Function",1024,4,0.070650,90995425280,1287981716534.235107,43364,613789.528253,"2025-07-13 13:19:12"
"it3","Spiral Function",1024,4,0.104125,38952501248,374092302169.379944,18540,178054.580836,"2025-07-13 13:19:12"
"it3","Mandelbrot-like",1024,4,0.038554,8560574464,222038989453.207306,4050,105046.444145,"2025-07-13 13:19:12"
"it3","cave_noise",1024,4,0.295496,127194365952,430443249117.374573,60623,205156.579821,"2025-07-13 13:19:12"
"it3","Circle Function",2048,4,0.140262,8606711808,61361769910.939110,1004,7158.043439,"2025-07-13 13:19:12"
"it3","Checkerboard Pattern",2048,4,0.271585,1339576811520,4932446412567.343750,159666,587905.062357,"2025-07-13 13:19:13"
"it3","Tangent Function",2048,4,0.274509,4372226375680,15927462048693.712891,521184,1898606.720494,"2025-07-13 13:19:13"
"it3","Noisy Function",2048,4,0.379560,602419494912,1587150823033.975830,71784,189124.083206,"2025-07-13 13:19:13"
"it3","Wave Function",2048,4,0.269852,727258759168,2695026157310.523438,86670,321175.804498,"2025-07-13 13:19:14"
"it3","Spiral Function",2048,4,0.435050,311536123904,716092824594.194824,37104,85286.764921,"2025-07-13 13:19:14"
"it3","Mandelbrot-like",2048,4,0.151201,68232937472,451272931518.553955,8102,53584.286807,"2025-07-13 13:19:14"
"it3","cave_noise",2048,4,1.026674,1017353601024,990922035985.361084,121250,118099.839370,"2025-07-13 13:19:15"
"it3","Circle Function",4096,4,0.555636,67981279232,122348522245.195602,2004,3606.675858,"2025-07-13 13:19:16"
"it3","Checkerboard Pattern",4096,4,1.051619,10718426431488,10192310406572.876953,319410,303731.698657,"2025-07-13 13:19:17"
"it3","Tangent Function",4096,4,1.027801,34976670154752,34030572064080.519531,1042360,1014164.782976,"2025-07-13 13:19:18"
"it3","Noisy Function",4096,4,1.528918,4815664971776,3149721494772.744629,143488,93849.393696,"2025-07-13 13:19:20"
"it3","Wave Function",4096,4,1.071543,5816325242880,5427988617707.612305,173314,161742.402635,"2025-07-13 13:19:21"
"it3","Spiral Function",4096,4,1.650661,2491013922816,1509100852819.567383,74204,44954.112322,"2025-07-13 13:19:23"
"it3","Mandelbrot-like",4096,4,0.616410,544923975680,884027791235.170654,16208,26294.167774,"2025-07-13 13:19:23"
"it3","cave_noise",4096,4,4.067803,8136882651136,2000313965847.041016,242470,59607.118364,"2025-07-13 13:19:27"
"it3","Circle Function",8192,4,2.710662,541434314752,199742494510.726685,4012,1480.081454,"2025-07-13 13:19:30"
"it3","Checkerboard Pattern",8192,4,4.703388,85754659209216,18232527458657.125000,638898,135837.812612,"2025-07-13 13:19:35"
"it3","Tangent Function",8192,4,5.435216,279821682737152,51483087310793.187500,2084808,383574.107769,"2025-07-13 13:19:41"
"it3","Noisy Function",8192,4,5.942619,38533641273344,6484286469869.843750,287068,48306.650678,"2025-07-13 13:19:47"
"it3","Wave Function",8192,4,4.221907,46539460313088,11023327715848.761719,346720,82124.033238,"2025-07-13 13:19:51"
"it3","Spiral Function",8192,4,6.378491,19925695463424,3123888663119.029297,148424,23269.453846,"2025-07-13 13:19:57"
"it3","Mandelbrot-like",8192,4,2.443472,4354828402688,1782229410151.033203,32414,13265.547746,"2025-07-13 13:20:00"
"it3","cave_noise",8192,4,15.729121,65088484540416,4138087863274.597656,484919,30829.377005,"2025-07-13 13:20:16"
"it3","Circle Function",16384,4,8.915756,4321810841600,484738593494.143738,8028,900.428448,"2025-07-13 13:20:25"
"it3","Checkerboard Pattern",16384,4,16.448652,686066264702976,41709574022532.101562,1277874,77688.676643,"2025-07-13 13:20:41"
"it3","Tangent Function",16384,4,15.536342,2238563798220800,144085641531855.531250,4169624,268378.747778,"2025-07-13 13:20:57"
"it3","Noisy Function",16384,4,23.586210,308302416183296,13071299458471.242188,574228,24345.920601,"2025-07-13 13:21:21"
"it3","Wave Function",16384,4,16.601698,372339304824832,22427784147012.312500,693510,41773.437245,"2025-07-13 13:21:38"
"it3","Spiral Function",16384,4,25.423639,159395900030976,6269594288033.587891,296864,11676.692050,"2025-07-13 13:22:03"
"it3","Mandelbrot-like",16384,4,9.587659,34821447352320,3631902828189.500977,64828,6761.608562,"2025-07-13 13:22:13"
"it3","cave_noise",16384,4,62.128266,520670295359488,8380570251199.896484,969796,15609.577846,"2025-07-13 13:23:15"
"it3","Circle Function",512,8,0.008861,143654912,16212194742.372602,252,28439.494468,"2025-07-13 13:23:15"
"it3","Checkerboard Pattern",512,8,0.019793,20909654016,1056407699485.382935,39858,2013725.241645,"2025-07-13 13:23:15"
"it3","Tangent Function",512,8,0.024088,68317872128,2836149248201.924316,130280,5408446.026590,"2025-07-13 13:23:15"
"it3","Noisy Function",512,8,0.025058,9450815488,377153218902.549316,17996,718165.467942,"2025-07-13 13:23:15"
"it3","Wave Function",512,8,0.018390,11347689472,617070194307.931763,21618,1175554.150778,"2025-07-13 13:23:15"
"it3","Spiral Function",512,8,0.027275,4881121280,178962545327.527252,9276,340097.382390,"2025-07-13 13:23:15"
"it3","Mandelbrot-like",512,8,0.009347,1080033280,115542474458.411346,2028,216956.405456,"2025-07-13 13:23:15"
"it3","cave_noise",512,8,0.072129,15892217856,220330871041.590515,30284,419859.591599,"2025-07-13 13:23:16"
"it3","Circle Function",1024,8,0.042351,1094713344,25848685054.199524,500,11806.143223,"2025-07-13 13:23:16"
"it3","Checkerboard Pattern",1024,8,0.075187,167390478336,2226329484064.679199,79794,1061277.419226,"2025-07-13 13:23:16"
"it3","Tangent Function",1024,8,0.099088,546488451072,5515176022071.262695,260560,2629578.468661,"2025-07-13 13:23:16"
"it3","Noisy Function",1024,8,0.096034,75392614400,785060668798.721313,35920,374033.709372,"2025-07-13 13:23:16"
"it3","Wave Function",1024,8,0.072472,90995425280,1255595671355.016113,43364,598355.912125,"2025-07-13 13:23:16"
"it3","Spiral Function",1024,8,0.106426,38952501248,366006217872.507996,18540,174205.893382,"2025-07-13 13:23:16"
"it3","Mandelbrot-like",1024,8,0.037536,8560574464,228060262478.681396,4050,107895.102942,"2025-07-13 13:23:16"
"it3","cave_noise",1024,8,0.267235,127194365952,475963805136.202515,60623,226852.451701,"2025-07-13 13:23:17"
"it3","Circle Function",2048,8,0.168688,8606711808,51021482310.537796,1004,5951.816371,"2025-07-13 13:23:17"
"it3","Checkerboard Pattern",2048,8,0.290603,1339576811520,4609642201609.832031,159666,549429.585099,"2025-07-13 13:23:17"
"it3","Tangent Function",2048,8,0.362287,4372226375680,12068398406193.798828,521184,1438593.433753,"2025-07-13 13:23:18"
"it3","Noisy Function",2048,8,0.377711,602419494912,1594920359225.758301,71784,190049.897179,"2025-07-13 13:23:18"
"it3","Wave Function",2048,8,0.294477,727258759168,2469663043803.192383,86670,294318.484732,"2025-07-13 13:23:18"
"it3","Spiral Function",2048,8,0.403246,311536123904,772570417961.729370,37104,92013.254928,"2025-07-13 13:23:19"
"it3","Mandelbrot-like",2048,8,0.150693,68232937472,452793213185.383911,8102,53764.805520,"2025-07-13 13:23:19"
"it3","cave_noise",2048,8,1.017862,1017353601024,999500972425.972778,121250,119122.292175,"2025-07-13 13:23:20"
"it3","Circle Function",4096,8,0.554450,67981279232,122610361460.213150,2004,3614.394538,"2025-07-13 13:23:21"
"it3","Checkerboard Pattern",4096,8,1.046328,10718426431488,10243853861478.492188,319410,305267.697904,"2025-07-13 13:23:22"
"it3","Tangent Function",4096,8,1.027508,34976670154752,34040299534913.078125,1042360,1014454.676967,"2025-07-13 13:23:23"
"it3","Noisy Function",4096,8,1.514531,4815664971776,3179640983400.854004,143488,94740.877553,"2025-07-13 13:23:24"
"it3","Wave Function",4096,8,1.050463,5816325242880,5536915199074.693359,173314,164988.180808,"2025-07-13 13:23:25"
"it3","Spiral Function",4096,8,1.594151,2491013922816,1562595844114.842041,74204,46547.657143,"2025-07-13 13:23:27"
"it3","Mandelbrot-like",4096,8,0.599055,544923975680,909639244268.308716,16208,27055.944552,"2025-07-13 13:23:28"
"it3","cave_noise",4096,8,3.966960,8136882651136,2051163142140.383057,242470,61122.366931,"2025-07-13 13:23:32"
"it3","Circle Function",8192,8,2.702411,541434314752,200352339018.781677,4012,1484.600370,"2025-07-13 13:23:35"
"it3","Checkerboard Pattern",8192,8,4.647671,85754659209216,18451102460026.554688,638898,137466.262104,"2025-07-13 13:23:39"
"it3","Tangent Function",8192,8,5.441249,279821682737152,51425997417900.429688,2084808,383148.760225,"2025-07-13 13:23:45"
"it3","Noisy Function",8192,8,5.983279,38533641273344,6440221816912.812500,287068,47978.377736,"2025-07-13 13:23:51"
"it3","Wave Function",8192,8,4.250158,46539460313088,10950055131917.136719,346720,81578.150881,"2025-07-13 13:23:55"
"it3","Spiral Function",8192,8,6.681338,19925695463424,2982291339927.274414,148424,22214.713190,"2025-07-13 13:24:02"
"it3","Mandelbrot-like",8192,8,2.443229,4354828402688,1782407153930.224609,32414,13266.870734,"2025-07-13 13:24:05"
"it3","cave_noise",8192,8,15.749987,65088484540416,4132605505686.381348,484919,30788.532616,"2025-07-13 13:24:20"
"it3","Circle Function",16384,8,9.027870,4321810841600,478718789868.714905,8028,889.246334,"2025-07-13 13:24:29"
"it3","Checkerboard Pattern",16384,8,16.581872,686066264702976,41374475976112.710938,1277874,77064.519615,"2025-07-13 13:24:46"
"it3","Tangent Function",16384,8,15.651159,2238563798220800,143028627615157.843750,4169624,266409.918210,"2025-07-13 13:25:02"
"it3","Noisy Function",16384,8,23.668574,308302416183296,13025812816398.208984,574228,24261.199554,"2025-07-13 13:25:26"
"it3","Wave Function",16384,8,16.634229,372339304824832,22383922775800.773438,693510,41691.742137,"2025-07-13 13:25:43"
"it3","Spiral Function",16384,8,25.425888,159395900030976,6269039681705.746094,296864,11675.659134,"2025-07-13 13:26:08"
"it3","Mandelbrot-like",16384,8,9.584137,34821447352320,3633237503789.432617,64828,6764.093362,"2025-07-13 13:26:18"
"it3","cave_noise",16384,8,62.168371,520670295359488,8375163819615.973633,969796,15599.507873,"2025-07-13 13:27:20"
"it3","Circle Function",512,16,0.010854,143654912,13234696253.147451,252,23216.355148,"2025-07-13 13:27:20"
"it3","Checkerboard Pattern",512,16,0.046649,20909654016,448236105276.132751,39858,854428.039337,"2025-07-13 13:27:20"
"it3","Tangent Function",512,16,0.028130,68317872128,2428680514866.444336,130280,4631416.167119,"2025-07-13 13:27:20"
"it3","Noisy Function",512,16,0.026778,9450815488,352930995396.496460,17996,672042.132366,"2025-07-13 13:27:20"
"it3","Wave Function",512,16,0.018271,11347689472,621076540528.706665,21618,1183186.470363,"2025-07-13 13:27:20"
"it3","Spiral Function",512,16,0.026763,4881121280,182384613024.852295,9276,346600.621736,"2025-07-13 13:27:21"
"it3","Mandelbrot-like",512,16,0.009774,1080033280,110501117356.960205,2028,207490.148822,"2025-07-13 13:27:21"
"it3","cave_noise",512,16,0.072579,15892217856,218965917675.344604,30284,417258.554531,"2025-07-13 13:27:21"
"it3","Circle Function",1024,16,0.034993,1094713344,31283483170.922871,500,14288.436029,"2025-07-13 13:27:21"
"it3","Checkerboard Pattern",1024,16,0.072024,167390478336,2324089023448.740234,79794,1107878.783671,"2025-07-13 13:27:21"
"it3","Tangent Function",1024,16,0.077173,546488451072,7081350197919.822266,260560,3376313.998861,"2025-07-13 13:27:21"
"it3","Noisy Function",1024,16,0.096204,75392614400,783673749065.307373,35920,373372.926386,"2025-07-13 13:27:21"
"it3","Wave Function",1024,16,0.069321,90995425280,1312661992508.737305,43364,625550.949050,"2025-07-13 13:27:21"
"it3","Spiral Function",1024,16,0.103231,38952501248,377332914351.170715,18540,179596.996545,"2025-07-13 13:27:21"
"it3","Mandelbrot-like",1024,16,0.038022,8560574464,225149904372.943573,4050,106518.215167,"2025-07-13 13:27:21"
"it3","cave_noise",1024,16,0.267976,127194365952,474647537702.733643,60623,226225.096236,"2025-07-13 13:27:22"
"it3","Circle Function",2048,16,0.140373,8606711808,61313138800.539780,1004,7152.370467,"2025-07-13 13:27:22"
"it3","Checkerboard Pattern",2048,16,0.270323,1339576811520,4955463559623.546875,159666,590648.507728,"2025-07-13 13:27:22"
"it3","Tangent Function",2048,16,0.279198,4372226375680,15659967444068.937500,521184,1866720.469409,"2025-07-13 13:27:23"
"it3","Noisy Function",2048,16,0.375277,602419494912,1605268193174.909912,71784,191282.939799,"2025-07-13 13:27:23"
"it3","Wave Function",2048,16,0.268340,727258759168,2710218381337.179199,86670,322986.315599,"2025-07-13 13:27:23"
"it3","Spiral Function",2048,16,0.404823,311536123904,769560691068.170166,37104,91654.795995,"2025-07-13 13:27:24"
"it3","Mandelbrot-like",2048,16,0.150214,68232937472,454237323344.953918,8102,53936.279605,"2025-07-13 13:27:24"
"it3","cave_noise",2048,16,1.020639,1017353601024,996780548885.282349,121250,118798.067290,"2025-07-13 13:27:25"
"it3","Circle Function",4096,16,0.554477,67981279232,122604345010.091736,2004,3614.217181,"2025-07-13 13:27:26"
"it3","Checkerboard Pattern",4096,16,1.047431,10718426431488,10233064917443.683594,319410,304946.186474,"2025-07-13 13:27:27"
"it3","Tangent Function",4096,16,1.024672,34976670154752,34134503679960.023438,1042360,1017262.109241,"2025-07-13 13:27:28"
"it3","Noisy Function",4096,16,1.486190,4815664971776,3240275995562.477539,143488,96547.563997,"2025-07-13 13:27:29"
"it3","Wave Function",4096,16,1.056032,5816325242880,5507718588972.957031,173314,164118.184535,"2025-07-13 13:27:30"
"it3","Spiral Function",4096,16,1.596284,2491013922816,1560507533811.996826,74204,46485.449149,"2025-07-13 13:27:32"
"it3","Mandelbrot-like",4096,16,0.600046,544923975680,908137002296.490601,16208,27011.262470,"2025-07-13 13:27:33"
"it3","cave_noise",4096,16,3.978068,8136882651136,2045435915749.800781,242470,60951.701992,"2025-07-13 13:27:37"
"it3","Circle Function",8192,16,2.218764,541434314752,244025207392.562225,4012,1808.214044,"2025-07-13 13:27:39"
"it3","Checkerboard Pattern",8192,16,4.134167,85754659209216,20742908960611.335938,638898,154540.909746,"2025-07-13 13:27:43"
"it3","Tangent Function",8192,16,4.019587,279821682737152,69614529922078.820312,2084808,518662.197576,"2025-07-13 13:27:47"
"it3","Noisy Function",8192,16,5.918028,38533641273344,6511230427097.651367,287068,48507.377826,"2025-07-13 13:27:53"
"it3","Wave Function",8192,16,4.167666,46539460313088,11166793571386.187500,346720,83192.857008,"2025-07-13 13:27:58"
"it3","Spiral Function",8192,16,6.365345,19925695463424,3130340239986.723633,148424,23317.510831,"2025-07-13 13:28:04"
"it3","Mandelbrot-like",8192,16,2.398798,4354828402688,1815421026047.343994,32414,13512.600658,"2025-07-13 13:28:07"
"it3","cave_noise",8192,16,15.658232,65088484540416,4156822104155.121582,484919,30968.949917,"2025-07-13 13:28:22"
"it3","Circle Function",16384,16,8.906695,4321810841600,485231709584.756226,8028,901.344438,"2025-07-13 13:28:31"
"it3","Checkerboard Pattern",16384,16,16.419427,686066264702976,41783813157788.796875,1277874,77826.955212,"2025-07-13 13:28:48"
"it3","Tangent Function",16384,16,15.586472,2238563798220800,143622227924725.812500,4169624,267515.578052,"2025-07-13 13:29:04"
"it3","Noisy Function",16384,16,23.708991,308302416183296,13003607717506.615234,574228,24219.841495,"2025-07-13 13:29:28"
"it3","Wave Function",16384,16,16.695493,372339304824832,22301785233259.402344,693510,41538.754777,"2025-07-13 13:29:44"
"it3","Spiral Function",16384,16,25.433241,159395900030976,6267227189440.627930,296864,11672.283490,"2025-07-13 13:30:10"
"it3","Mandelbrot-like",16384,16,9.615325,34821447352320,3621453103445.316406,64828,6742.154036,"2025-07-13 13:30:20"
"it3","cave_noise",16384,16,62.374955,520670295359488,8347425620529.015625,969796,15547.842943,"2025-07-13 13:31:22"
